{
  "label": "m1_ppo_wide_decoy_mix",
  "algo": "wide_decoy",
  "combinations": {
    "bline_30": {
      "mean": -11.6,
      "std": 11.26050620531777
    },
    "bline_50": {
      "mean": -19.72400000000001,
      "std": 15.15093475664127
    },
    "bline_100": {
      "mean": -39.99100000000001,
      "std": 33.1562576145137
    },
    "meander_30": {
      "mean": -11.930000000000001,
      "std": 4.297964634568321
    },
    "meander_50": {
      "mean": -27.245999999999984,
      "std": 7.036141272032557
    },
    "meander_100": {
      "mean": -69.27599999999995,
      "std": 19.28390582843639
    },
    "sleep_30": {
      "mean": 0.0,
      "std": 0.0
    },
    "sleep_50": {
      "mean": 0.0,
      "std": 0.0
    },
    "sleep_100": {
      "mean": 0.0,
      "std": 0.0
    }
  },
  "total": -179.76699999999997
}
