{
  "label": "m1_ppo_simple_decoy_mix",
  "algo": "simple_decoy",
  "combinations": {
    "bline_30": {
      "mean": -9.598999999999997,
      "std": 7.535164165431303
    },
    "bline_50": {
      "mean": -15.725,
      "std": 9.905487115735404
    },
    "bline_100": {
      "mean": -34.65800000000003,
      "std": 25.99465014190417
    },
    "meander_30": {
      "mean": -11.968000000000002,
      "std": 3.186404870696754
    },
    "meander_50": {
      "mean": -31.61599999999999,
      "std": 9.612592990447475
    },
    "meander_100": {
      "mean": -79.32400000000001,
      "std": 23.039180193748283
    },
    "sleep_30": {
      "mean": 0.0,
      "std": 0.0
    },
    "sleep_50": {
      "mean": 0.0,
      "std": 0.0
    },
    "sleep_100": {
      "mean": 0.0,
      "std": 0.0
    }
  },
  "total": -182.89000000000004
}
