{
  "label": "m1_ppo_baseline_meander",
  "algo": "ppo",
  "obs_aug": "none",
  "combinations": {
    "bline_30": {
      "mean": -14.67,
      "std": 9.687780963667587
    },
    "bline_50": {
      "mean": -31.850000000000026,
      "std": 16.080034203943733
    },
    "bline_100": {
      "mean": -92.90999999999991,
      "std": 32.53733086778931
    },
    "meander_30": {
      "mean": -11.446999999999997,
      "std": 3.1367006551470604
    },
    "meander_50": {
      "mean": -27.863999999999983,
      "std": 7.64633925483299
    },
    "meander_100": {
      "mean": -71.72799999999998,
      "std": 15.60043640415235
    },
    "sleep_30": {
      "mean": 0.0,
      "std": 0.0
    },
    "sleep_50": {
      "mean": 0.0,
      "std": 0.0
    },
    "sleep_100": {
      "mean": 0.0,
      "std": 0.0
    }
  },
  "total": -250.4689999999999
}