{
  "label": "m1_ppo_baseline_bline",
  "algo": "ppo",
  "combinations": {
    "bline_30": {
      "mean": -12.002000000000002,
      "std": 6.3263572456825425
    },
    "bline_50": {
      "mean": -18.417000000000005,
      "std": 9.077764647753328
    },
    "bline_100": {
      "mean": -40.97400000000003,
      "std": 19.802881709488656
    },
    "meander_30": {
      "mean": -12.726,
      "std": 1.5066266956349874
    },
    "meander_50": {
      "mean": -30.462999999999994,
      "std": 11.965430665045032
    },
    "meander_100": {
      "mean": -87.31399999999996,
      "std": 47.524764113039026
    },
    "sleep_30": {
      "mean": 0.0,
      "std": 0.0
    },
    "sleep_50": {
      "mean": 0.0,
      "std": 0.0
    },
    "sleep_100": {
      "mean": 0.0,
      "std": 0.0
    }
  },
  "total": -201.89600000000002
}
