{
  "label": "m1_ppo_baseline_mix",
  "algo": "ppo",
  "combinations": {
    "bline_30": {
      "mean": -8.994999999999997,
      "std": 6.769687954403809
    },
    "bline_50": {
      "mean": -16.387999999999995,
      "std": 10.83159526570302
    },
    "bline_100": {
      "mean": -35.10800000000003,
      "std": 25.739388803932346
    },
    "meander_30": {
      "mean": -12.757000000000003,
      "std": 4.6348733531780555
    },
    "meander_50": {
      "mean": -32.22399999999999,
      "std": 10.147532902139313
    },
    "meander_100": {
      "mean": -85.47500000000002,
      "std": 26.11932761385716
    },
    "sleep_30": {
      "mean": 0.0,
      "std": 0.0
    },
    "sleep_50": {
      "mean": 0.0,
      "std": 0.0
    },
    "sleep_100": {
      "mean": 0.0,
      "std": 0.0
    }
  },
  "total": -190.94700000000006
}
