{
  "label": "m2_ppo_baseline_mix_green_on",
  "algo": "ppo",
  "green": "behavioral",
  "combinations": {
    "bline_30": {
      "mean": -11.320999999999996,
      "std": 8.37082188318447
    },
    "bline_50": {
      "mean": -25.477000000000007,
      "std": 46.6582529784389
    },
    "bline_100": {
      "mean": -71.97199999999998,
      "std": 112.56363807198136
    },
    "meander_30": {
      "mean": -14.922,
      "std": 5.370485639120543
    },
    "meander_50": {
      "mean": -36.54599999999998,
      "std": 12.19975753857428
    },
    "meander_100": {
      "mean": -98.79000000000003,
      "std": 29.470427550342734
    },
    "sleep_30": {
      "mean": -0.33,
      "std": 0.47021271782034985
    },
    "sleep_50": {
      "mean": -0.61,
      "std": 0.4877499359302879
    },
    "sleep_100": {
      "mean": -0.88,
      "std": 0.3249615361854384
    }
  },
  "total": -260.84799999999996
}