{
  "label": "m2_ppo_wide_decoy_mix_green_on",
  "algo": "wide_decoy",
  "green": "behavioral",
  "combinations": {
    "bline_30": {
      "mean": -11.324000000000002,
      "std": 9.967538512591766
    },
    "bline_50": {
      "mean": -19.04200000000001,
      "std": 13.176199603831158
    },
    "bline_100": {
      "mean": -40.007000000000005,
      "std": 28.650585526302912
    },
    "meander_30": {
      "mean": -11.838999999999999,
      "std": 3.6654575430633485
    },
    "meander_50": {
      "mean": -28.642999999999983,
      "std": 7.991461130481704
    },
    "meander_100": {
      "mean": -72.81099999999998,
      "std": 22.97800206719469
    },
    "sleep_30": {
      "mean": -0.17,
      "std": 0.375632799419859
    },
    "sleep_50": {
      "mean": -0.39,
      "std": 0.4877499359302879
    },
    "sleep_100": {
      "mean": -0.49,
      "std": 0.49989998999799945
    }
  },
  "total": -184.71599999999998
}