{
  "label": "m2_ppo_baseline_bline_green_on",
  "algo": "ppo",
  "green": "behavioral",
  "combinations": {
    "bline_30": {
      "mean": -10.210999999999997,
      "std": 6.130561067308602
    },
    "bline_50": {
      "mean": -27.79300000000001,
      "std": 51.45436862891238
    },
    "bline_100": {
      "mean": -50.281000000000034,
      "std": 62.59709209699766
    },
    "meander_30": {
      "mean": -12.493999999999998,
      "std": 2.0410693275829703
    },
    "meander_50": {
      "mean": -29.568,
      "std": 9.968810159693085
    },
    "meander_100": {
      "mean": -101.16799999999998,
      "std": 89.02724513316134
    },
    "sleep_30": {
      "mean": 0.0,
      "std": 0.0
    },
    "sleep_50": {
      "mean": 0.0,
      "std": 0.0
    },
    "sleep_100": {
      "mean": 0.0,
      "std": 0.0
    }
  },
  "total": -231.51500000000001
}