{
  "label": "m2_ppo_baseline_meander_green_on",
  "algo": "ppo",
  "green": "behavioral",
  "combinations": {
    "bline_30": {
      "mean": -13.750000000000002,
      "std": 10.107794022436353
    },
    "bline_50": {
      "mean": -39.360000000000014,
      "std": 29.429685693190795
    },
    "bline_100": {
      "mean": -102.85999999999989,
      "std": 56.483948162287554
    },
    "meander_30": {
      "mean": -12.535000000000002,
      "std": 3.7079475454757973
    },
    "meander_50": {
      "mean": -29.82399999999999,
      "std": 8.644363712847808
    },
    "meander_100": {
      "mean": -73.39099999999999,
      "std": 17.16173123551356
    },
    "sleep_30": {
      "mean": -0.43,
      "std": 0.4950757517794625
    },
    "sleep_50": {
      "mean": -0.65,
      "std": 0.4769696007084728
    },
    "sleep_100": {
      "mean": -0.83,
      "std": 0.375632799419859
    }
  },
  "total": -273.6299999999999
}