{
  "label": "m2_ppo_simple_decoy_mix_green_on",
  "algo": "simple_decoy",
  "green": "behavioral",
  "combinations": {
    "bline_30": {
      "mean": -12.388000000000002,
      "std": 8.366651420968848
    },
    "bline_50": {
      "mean": -20.694000000000006,
      "std": 15.646800439706526
    },
    "bline_100": {
      "mean": -59.37799999999999,
      "std": 43.72176478597351
    },
    "meander_30": {
      "mean": -13.380999999999998,
      "std": 4.13005314735779
    },
    "meander_50": {
      "mean": -37.02699999999997,
      "std": 10.996625436923816
    },
    "meander_100": {
      "mean": -97.86300000000007,
      "std": 25.121702390562653
    },
    "sleep_30": {
      "mean": -0.26,
      "std": 0.4386342439892262
    },
    "sleep_50": {
      "mean": -0.52,
      "std": 0.4995998398718718
    },
    "sleep_100": {
      "mean": -0.73,
      "std": 0.4439594576084623
    }
  },
  "total": -242.24100000000004
}